"","team_name","domain","Rank","Nteams","Method.code","Month.1","Month.2","Month.3","Month.4","Month.5","Month.6","Month.7","Month.8","Month.9","Month.10","Month.11","Month.12","mean_abs_error_w1","MASE1_w1","Domains"
"1","fearfulastra","eafric",1,22,"Data-Driven",-0.052,-0.089,-0.132,-0.15,-0.13,-0.144,-0.147,-0.15,-0.153,-0.157,-0.16,-0.163,0.066303993,2.20943704235331,"Explicit African American Bias"
"2","The Well-Adjusted R Squares","eafric",2,22,"Hybrid",-0.1017757,-0.1046566,-0.1075375,-0.1104184,-0.1132993,-0.1161802,-0.1190611,-0.121942,-0.1248229,-0.1277038,-0.1305847,-0.1334656,0.0842666763333333,2.80800458166771,"Explicit African American Bias"
"3","LongerSquigglyLines","eafric",3,22,"Data-Driven",-0.024326,-0.067146,-0.123192,-0.143078,-0.136272,-0.16062,-0.142415,-0.061866,-0.095618,-0.14626,-0.129957,-0.139493,0.0877004096666667,2.92242631219953,"Explicit African American Bias"
"4","Tosbik","eafric",4,22,"Intuition/Theory",-0.07,-0.09,-0.1,-0.11,-0.09,-0.1,-0.12,-0.12,-0.1,-0.13,-0.14,-0.13,0.093553993,3.11748430587374,"Explicit African American Bias"
"5","Compassionate Values","eafric",5,22,"Data-Driven",-0.091,-0.094,-0.097,-0.1,-0.103,-0.106,-0.109,-0.112,-0.115,-0.118,-0.121,-0.124,0.0943873263333333,3.1452533353392,"Explicit African American Bias"
"6","BlackSwan","eafric",6,22,"Intuition/Theory",-0.09,-0.11,-0.09,-0.11,-0.09,-0.11,-0.09,-0.11,-0.09,-0.11,-0.09,-0.11,0.101887326333333,3.39517460052831,"Explicit African American Bias"
"7","Bluebirds","eafric",7,22,"Data-Driven",-0.0823284,-0.0856078,-0.0881803,-0.0904201,-0.0925032,-0.0945125,-0.0964872,-0.0984455,-0.100396,-0.102343,-0.104288,-0.106202,0.106744493,3.55702916567067,"Explicit African American Bias"
"8","A Woman Scientist","eafric",8,22,"Intuition/Theory",-0.07,-0.08,-0.09,-0.1,-0.08,-0.07,-0.08,-0.07,-0.1,-0.11,-0.08,-0.08,0.117720659666667,3.92278616037198,"Explicit African American Bias"
"9","WQXZ","eafric",9,22,"Data-Driven",-0.073063,-0.074518,-0.075166,-0.075814,-0.076461,-0.077109,-0.077757,-0.078404,-0.079052,-0.079699,-0.080347,-0.080994,0.124521993,4.14942587125725,"Explicit African American Bias"
"10","MLTS","eafric",10,22,"Data-Driven",-0.070721664,-0.071255165,-0.071788666,-0.072322167,-0.072855668,-0.073389169,-0.07392267,-0.074456171,-0.074989672,-0.075523173,-0.076056674,-0.076590175,0.128231406833333,4.27303405770214,"Explicit African American Bias"
"11","Heisenburg","eafric",11,22,"Data-Driven",-0.047,-0.015,-0.05,-0.091,-0.107,-0.085,-0.097,-0.076,-0.061,-0.061,-0.09,-0.085,0.129803993,4.3254370876211,"Explicit African American Bias"
"12","Bordeaux","eafric",12,22,"Data-Driven",-0.07,-0.07,-0.07,-0.07,-0.07,-0.07,-0.07,-0.07,-0.07,-0.07,-0.07,-0.07,0.131887326333333,4.39485966128474,"Explicit African American Bias"
"13","BRTWN","eafric",13,22,"Data-Driven",-0.0695762,-0.0695762,-0.0695762,-0.0695762,-0.0695762,-0.0695762,-0.0695762,-0.0695762,-0.0695762,-0.0695762,-0.0695762,-0.0695762,0.132311126333333,4.4089818789097,"Explicit African American Bias"
"14","Imielin","eafric",14,22,"Intuition/Theory",-0.07,-0.07,-0.06,-0.05,-0.06,-0.05,-0.07,-0.05,-0.06,-0.05,-0.04,-0.03,0.146887326333333,4.89470219166296,"Explicit African American Bias"
"15","Team29","eafric",15,22,"Intuition/Theory",-0.05,-0.05,-0.05,-0.05,-0.05,-0.05,-0.05,-0.05,-0.05,-0.05,-0.05,-0.05,0.151887326333333,5.0613163684557,"Explicit African American Bias"
"16","AbCdEfG","eafric",16,22,"Data-Driven",-0.05,-0.05,-0.05,-0.05,-0.05,-0.05,-0.05,-0.04,-0.04,-0.04,-0.04,-0.04,0.156053993,5.20016151578298,"Explicit African American Bias"
"17","Cynical Belief in the Inexorable Crush of the Wheel","eafric",17,22,"Data-Driven",-0.0695762,-0.0695762,-0.034874629,-0.034874629,-0.034874629,-0.034874629,-0.034874629,-0.034874629,-0.034874629,-0.034874629,-0.034874629,-0.034874629,0.161229102166667,5.37261082650633,"Explicit African American Bias"
"18","TheMets","eafric",18,22,"Data-Driven",-0.042,-0.039,-0.042,-0.039,-0.042,-0.039,-0.042,-0.039,-0.042,-0.039,-0.042,-0.039,0.161387326333333,5.3778833043619,"Explicit African American Bias"
"19","FMTeam","eafric",19,22,"Data-Driven",-0.034875,-0.034875,-0.034875,-0.034875,-0.034875,-0.034875,-0.034875,-0.034875,-0.034875,-0.034875,-0.034875,-0.034875,0.167012326333333,5.56532425325374,"Explicit African American Bias"
"20","Average Joes","eafric",20,22,"Data-Driven",-0.03487462924793,-0.03487462924793,-0.03487462924793,-0.03487462924793,-0.03487462924793,-0.03487462924793,-0.03487462924793,-0.03487462924793,-0.03487462924793,-0.03487462924793,-0.03487462924793,-0.03487462924793,0.167012697085403,5.56533660776392,"Explicit African American Bias"
"21","ForeverJung90","eafric",21,22,"Intuition/Theory",-0.06,0.03,0.03,0.03,0.03,0.05,0.04,0.04,0,-0.05,-0.05,-0.05,0.205220659666667,6.83853425424492,"Explicit African American Bias"
"22","TeamKL","eafric",22,22,"Intuition/Theory",0.09,0.09,0.08,0.08,0.09,0.09,0.07,0.08,0.09,0.05,0.1,0.09,0.285220659666667,9.50436108292875,"Explicit African American Bias"
"23","The Well-Adjusted R Squares","easian",1,26,"Hybrid",-0.1017757,-0.1046566,-0.1075375,-0.1104184,-0.1132993,-0.1161802,-0.1190611,-0.121942,-0.1248229,-0.1277038,-0.1305847,-0.1334656,0.06447164725,1.07157725635532,"Explicit Asian American Bias"
"24","LongerSquigglyLines","easian",2,26,"Data-Driven",-0.10991,0.049419,-0.077526,-0.14619,-0.036236,0.028226,-0.103182,0.004246,-0.08988,-0.02212,0.026554,-0.144069,0.130369963916667,2.1668670524773,"Explicit Asian American Bias"
"25","Heisenburg","easian",3,26,"Data-Driven",-0.119958665940807,-0.0326991716039994,-0.0523209837256965,-0.0602728237630617,-0.0934130444494562,-0.0466305255824124,-0.00691947487060939,-0.0653908847928639,-0.00985283048781915,-0.0510512688101425,-0.0148819734194378,-0.02275848111224,0.134079786536788,2.22852766942135,"Explicit Asian American Bias"
"26","Bluebirds","easian",4,26,"Data-Driven",-0.0427656,0.00116419,-0.054445,-0.0823426,-0.122498,-0.0331561,-0.0395179,-0.0390649,-0.0390971,-0.0390948,-0.039095,-0.039095,0.13467497975,2.23842032049543,"Explicit Asian American Bias"
"27","Average Joes","easian",5,26,"Data-Driven",-0.04,-0.04,-0.04,-0.04,-0.04,-0.04,-0.04,-0.04,-0.04,-0.04,-0.04,-0.04,0.14209229725,2.36170286522933,"Explicit Asian American Bias"
"28","BRTWN","easian",6,26,"Data-Driven",-0.04,-0.04,-0.04,-0.04,-0.04,-0.04,-0.04,-0.04,-0.04,-0.04,-0.04,-0.04,0.14209229725,2.36170286522933,"Explicit Asian American Bias"
"29","TheMets","easian",7,26,"Data-Driven",-0.034,-0.044,-0.034,-0.044,-0.034,-0.044,-0.034,-0.044,-0.034,-0.044,-0.034,-0.044,0.14309229725,2.37832377228014,"Explicit Asian American Bias"
"30","AbCdEfG","easian",8,26,"Data-Driven",-0.03579,-0.0366,-0.03664,-0.03665,-0.03665,-0.03665,-0.03665,-0.03665,-0.03665,-0.03665,-0.03665,-0.03665,0.145518963916667,2.41865717339013,"Explicit Asian American Bias"
"31","Bordeaux","easian",9,26,"Data-Driven",-0.03,-0.037,-0.037,-0.037,-0.037,-0.03,-0.037,-0.03,-0.037,-0.03,-0.03,-0.037,0.148008963916667,2.46004323194666,"Explicit Asian American Bias"
"32","MLTS","easian",10,26,"Data-Driven",-0.0326238243270671,-0.0325075843809807,-0.0323913444348943,-0.032275104488808,-0.0321588645427216,-0.0320426245966352,-0.0319263846505489,-0.0318101447044625,-0.0316939047583761,-0.0315776648122897,-0.0314614248662034,-0.031345184920117,0.150107792626408,2.49492766884686,"Explicit Asian American Bias"
"33","Cynical Belief in the Inexorable Crush of the Wheel","easian",11,26,"Hybrid",-0.037148,-0.037148,-0.037148,-0.037148,-0.037148,0.02,0.02,-0.037148,-0.037148,-0.037148,-0.037148,-0.037148,0.154468963916667,2.56741429149494,"Explicit Asian American Bias"
"34","WQXZ","easian",12,26,"Data-Driven",-0.019759,-0.019759,-0.019759,-0.019759,-0.019759,-0.019759,-0.019759,-0.019759,-0.019759,-0.019759,-0.019759,-0.019759,0.16233329725,2.69812664484492,"Explicit Asian American Bias"
"35","fearfulastra","easian",13,26,"Data-Driven",-0.004,-0.056,-0.042,-0.047,-0.025,0.004,0.005,0.005,0.006,0.007,0.007,0.008,0.17109229725,2.84370916970302,"Explicit Asian American Bias"
"36","Team29","easian",14,26,"Intuition/Theory",0,0,0,0,0,0,0,0,0,0,0,0,0.18209229725,3.02653914726201,"Explicit Asian American Bias"
"37","BlackSwan","easian",15,26,"Intuition/Theory",0.1,0.1,0.1,0.05,0.05,0,0.01,-0.05,0.02,-0.05,0.02,-0.02,0.20959229725,3.48361409115948,"Explicit Asian American Bias"
"38","A Woman Scientist","easian",16,26,"Intuition/Theory",0.1,-0.05,0.11,0.08,-0.02,0.06,0,0.05,0.01,0.07,0.03,0.1,0.22709229725,3.77447996454878,"Explicit Asian American Bias"
"39","Erebuni","easian",17,26,"Intuition/Theory",0.11,0.12,0.08,0.05,0.04,0.04,0.03,0.04,0.05,0.06,0.07,0.07,0.245425630583333,4.07919659381376,"Explicit Asian American Bias"
"40","Tosbik","easian",18,26,"Intuition/Theory",0.13,0.14,0.14,0.12,0.13,0.11,0.1,0.09,0.06,0.03,0.01,0.01,0.271258963916667,4.50857002595987,"Explicit Asian American Bias"
"41","md2000","easian",19,26,"Intuition/Theory",0.1,0.1,0.1,0.15,0.15,0.15,0.15,0.1,0.1,0.1,0.05,0.05,0.290425630583333,4.82713741110053,"Explicit Asian American Bias"
"42","CheeseCake","easian",20,26,"Intuition/Theory",0.1,0.1,0.1,0.11,0.11,0.11,0.11,0.12,0.12,0.12,0.11,0.1,0.291258963916667,4.84098816697621,"Explicit Asian American Bias"
"43","polarization-2020CO","easian",21,26,"Intuition/Theory",0.18,0.18,0.16,0.17,0.13,0.1,0.11,0.09,0.07,0.08,0.07,0.07,0.29959229725,4.97949572573302,"Explicit Asian American Bias"
"44","Imielin","easian",22,26,"Intuition/Theory",0.14,0.13,0.14,0.13,0.13,0.14,0.15,0.14,0.13,0.14,0.14,0.13,0.318758963916667,5.29806311087368,"Explicit Asian American Bias"
"45","Broken Mirror Neurons","easian",23,26,"Intuition/Theory",0.25,0.26,0.24,0.2,0.14,0.21,0.2,0.16,0.15,0.06,0.04,0.05,0.345425630583333,5.74128729889547,"Explicit Asian American Bias"
"46","NYHC","easian",24,26,"Intuition/Theory",0.13,0.14,0.15,0.16,0.17,0.18,0.19,0.18,0.18,0.17,0.17,0.16,0.34709229725,5.76898881064684,"Explicit Asian American Bias"
"47","Mr Muddle","easian",25,26,"Intuition/Theory",0.2,0.25,0.28,0.29,0.25,0.3,0.32,0.25,0.22,0.2,0.18,0.15,0.422925630583333,7.0294075953338,"Explicit Asian American Bias"
"48","Turing Tesla Solutions","easian",26,26,"Data-Driven",0.1,0.2,0.3,0.3,0.3,0.3,0.3,0.3,0.3,0.3,0.3,0.3,0.45709229725,7.59728858623672,"Explicit Asian American Bias"
"49","fearfulastra","egend",1,21,"Data-Driven",0.806,0.8,0.805,0.778,0.79,0.774,0.771,0.769,0.766,0.763,0.761,0.758,0.0219906194166667,0.523376483786086,"Explicit Gender-Career Bias"
"50","WQXZ","egend",2,21,"Data-Driven",0.79581,0.80758,0.80668,0.79285,0.78901,0.7767,0.75991,0.75117,0.76109,0.77063,0.78902,0.78173,0.0221680675833334,0.527599748068215,"Explicit Gender-Career Bias"
"51","BRTWN","egend",3,21,"Data-Driven",0.7912628,0.7912628,0.7912628,0.7912628,0.7912628,0.7912628,0.7912628,0.7912628,0.7912628,0.7912628,0.7912628,0.7912628,0.0232135769166667,0.552482857919628,"Explicit Gender-Career Bias"
"52","Team29","egend",4,21,"Intuition/Theory",0.8,0.8,0.8,0.8,0.8,0.8,0.8,0.8,0.8,0.8,0.8,0.8,0.0252732839166667,0.601503860323615,"Explicit Gender-Career Bias"
"53","MLTS","egend",5,21,"Data-Driven",0.78277372492444,0.781474352415191,0.780174979905943,0.778875607396695,0.777576234887447,0.776276862378199,0.774977489868951,0.773678117359703,0.772378744850455,0.771079372341206,0.769779999831958,0.76848062732271,0.0267758875485697,0.637265809111359,"Explicit Gender-Career Bias"
"54","Bordeaux","egend",6,21,"Data-Driven",0.787,0.786,0.784,0.776,0.783,0.774,0.771,0.77,0.769,0.767,0.783,0.766,0.02698014875,0.642127223305881,"Explicit Gender-Career Bias"
"55","Bluebirds","egend",7,21,"Data-Driven",0.784076,0.781587,0.779097,0.776608,0.774119,0.77163,0.769141,0.766651,0.764162,0.761673,0.759184,0.757014,0.0274863154166667,0.654173984026452,"Explicit Gender-Career Bias"
"56","The Well-Adjusted R Squares","egend",8,21,"Hybrid",0.7823498,0.77975,0.7771502,0.7745504,0.7719505,0.7693507,0.7667509,0.7641511,0.7615513,0.7589514,0.7563516,0.7537518,0.02850502375,0.678419230392705,"Explicit Gender-Career Bias"
"57","Heisenburg","egend",9,21,"Data-Driven",0.792200084803833,0.854537673380611,0.851939563313858,0.812894591753076,0.772647057256939,0.814872809853062,0.792475745560415,0.762395095466423,0.685754666188803,0.740007488915903,0.756890284332696,0.827680076459365,0.0332317723399758,0.790915791307558,"Explicit Gender-Career Bias"
"58","ForeverJung90","egend",10,21,"Intuition/Theory",0.81,0.81,0.81,0.85,0.85,0.85,0.81,0.81,0.8,0.82,0.82,0.82,0.0395528299166667,0.94135688737739,"Explicit Gender-Career Bias"
"59","A Woman Scientist","egend",11,21,"Intuition/Theory",0.8,0.76,0.82,0.78,0.81,0.76,0.84,0.79,0.81,0.79,0.84,0.87,0.0456578789166667,1.0866569818595,"Explicit Gender-Career Bias"
"60","AbCdEfG","egend",12,21,"Data-Driven",0.8242,0.8287,0.8308,0.8319,0.8324,0.8326,0.8327,0.8328,0.8328,0.8328,0.8328,0.8328,0.04696116325,1.11767513368275,"Explicit Gender-Career Bias"
"61","LongerSquigglyLines","egend",13,21,"Data-Driven",0.783649,0.728947,0.878209,0.861672,0.763955,0.739627,0.66998,0.790109,0.787122,0.737026,0.768285,0.798529,0.05030313725,1.19721407562355,"Explicit Gender-Career Bias"
"62","Average Joes","egend",14,21,"Data-Driven",0.836946064625193,0.836946064625193,0.836946064625193,0.836946064625193,0.836946064625193,0.836946064625193,0.836946064625193,0.836946064625193,0.836946064625193,0.836946064625193,0.836946064625193,0.836946064625193,0.0503412171043276,1.19812037570921,"Explicit Gender-Career Bias"
"63","TheMets","egend",15,21,"Data-Driven",0.872,0.811,0.872,0.811,0.872,0.811,0.872,0.811,0.872,0.811,0.872,0.811,0.0543368554166667,1.29321652060489,"Explicit Gender-Career Bias"
"64","TeamKL","egend",16,21,"Intuition/Theory",0.85,0.83,0.87,0.88,0.85,0.84,0.88,0.87,0.82,0.81,0.85,0.85,0.0612194965833333,1.45702329951905,"Explicit Gender-Career Bias"
"65","BlackSwan","egend",17,21,"Intuition/Theory",0.8,0.9,0.8,0.9,0.8,0.9,0.8,0.9,0.8,0.9,0.8,0.9,0.0701174534166667,1.66879456762534,"Explicit Gender-Career Bias"
"66","Haifa_Team","egend",18,21,"Intuition/Theory",0.85,0.9,0.87,0.92,0.79,0.82,0.85,0.9,0.79,0.85,0.93,0.96,0.0831091055833334,1.97799573657507,"Explicit Gender-Career Bias"
"67","Imielin","egend",19,21,"Intuition/Theory",0.9,0.89,0.91,0.91,0.9,0.89,0.89,0.88,0.88,0.89,0.88,0.88,0.102511869916667,2.43978129977815,"Explicit Gender-Career Bias"
"68","Sociology","egend",20,21,"Intuition/Theory",0.9,0.9,0.9,0.9,0.9,0.9,0.9,0.9,0.9,0.9,0.9,0.9,0.11084520325,2.63811453521725,"Explicit Gender-Career Bias"
"69","1859","egend",21,21,"Data-Driven",1.04447588937288,1.09970621932961,1.11975256647848,0.988002172321813,0.749377593828932,0.786940900140351,0.735167351886937,0.875315332592794,0.792546714980203,0.729221431665567,0.828196749975946,0.80113527129313,0.113824543485256,2.70902279781711,"Explicit Gender-Career Bias"
"70","fearfulastra","iafric",1,25,"Data-Driven",0.315,0.319,0.313,0.301,0.311,0.311,0.311,0.311,0.31,0.31,0.31,0.31,0.033942761,4.55364228882272,"Implicit African American Bias"
"71","ForecastSnorecast","iafric",2,25,"Intuition/Theory",0.315,0.31,0.305,0.3,0.31,0.3,0.305,0.31,0.32,0.33,0.32,0.31,0.034192761,4.58718141583144,"Implicit African American Bias"
"72","The Well-Adjusted R Squares","iafric",3,25,"Hybrid",0.3134715,0.313218,0.3129645,0.312711,0.3124575,0.3122039,0.3119504,0.3116969,0.3114434,0.3111898,0.3109363,0.3106828,0.0350199276666667,4.69815120739429,"Implicit African American Bias"
"73","Tosbik","iafric",4,25,"Intuition/Theory",0.33,0.32,0.31,0.33,0.32,0.32,0.31,0.3,0.32,0.31,0.3,0.31,0.037942761,5.09026832096226,"Implicit African American Bias"
"74","WQXZ","iafric",5,25,"Data-Driven",0.31716,0.31702,0.31695,0.31689,0.31683,0.31676,0.3167,0.31663,0.31657,0.31651,0.31644,0.31638,0.0396794276666667,5.32325345658285,"Implicit African American Bias"
"75","TheMets","iafric",6,25,"Data-Driven",0.33,0.304,0.33,0.304,0.33,0.304,0.33,0.304,0.33,0.304,0.33,0.304,0.039942761,5.35858133703203,"Implicit African American Bias"
"76","Heather Shimmer","iafric",7,25,"Data-Driven",0.317,0.317,0.317,0.317,0.317,0.317,0.317,0.317,0.317,0.317,0.317,0.317,0.039942761,5.35858133703203,"Implicit African American Bias"
"77","MLTS","iafric",8,25,"Data-Driven",0.317386265127841,0.317344011211613,0.317301757295385,0.317259503379157,0.317217249462929,0.317174995546701,0.317132741630473,0.317090487714245,0.317048233798017,0.317005979881789,0.316963725965561,0.316921472049333,0.040096629588587,5.37922380957312,"Implicit African American Bias"
"78","Cynical Belief in the Inexorable Crush of the Wheel","iafric",9,25,"Data-Driven",0.3175501,0.3175501,0.3175501,0.3175501,0.3175501,0.3175501,0.3175501,0.3175501,0.3175501,0.3175501,0.3175501,0.3175501,0.040492861,5.43238083210202,"Implicit African American Bias"
"79","BRTWN","iafric",10,25,"Data-Driven",0.3175501,0.3175501,0.3175501,0.3175501,0.3175501,0.3175501,0.3175501,0.3175501,0.3175501,0.3175501,0.3175501,0.3175501,0.040492861,5.43238083210202,"Implicit African American Bias"
"80","MORDEAUX Team","iafric",11,25,"Intuition/Theory",0.3151,0.3146,0.3264,0.3204,0.3233,0.3247,0.3136,0.3159,0.3139,0.3114,0.3148,0.3197,0.0407594276666667,5.46814248526052,"Implicit African American Bias"
"81","AbCdEfG","iafric",12,25,"Data-Driven",0.3166,0.3178,0.3176,0.3177,0.3179,0.318,0.318,0.318,0.3181,0.3181,0.3181,0.3181,0.0407760943333333,5.4703784270611,"Implicit African American Bias"
"82","Heisenburg","iafric",13,25,"Data-Driven",0.324263836884721,0.320148180679943,0.324158880180394,0.31806815198362,0.30665846534932,0.316859224220209,0.31717233601086,0.316648201522382,0.318990458546599,0.318005157527887,0.314800286077752,0.319540675360817,0.0408855821953753,5.48506693630486,"Implicit African American Bias"
"83","Bordeaux","iafric",14,25,"Data-Driven",0.318,0.318,0.318,0.318,0.318,0.318,0.318,0.318,0.318,0.318,0.318,0.318,0.040942761,5.49273784506692,"Implicit African American Bias"
"84","Bluebirds","iafric",15,25,"Data-Driven",0.318746,0.318609,0.318563,0.318547,0.318542,0.31854,0.318539,0.318539,0.318539,0.318539,0.318539,0.318539,0.0415078443333333,5.56854745181563,"Implicit African American Bias"
"85","Average Joes","iafric",16,25,"Data-Driven",0.318795540191224,0.318795540191224,0.318795540191224,0.318795540191224,0.318795540191224,0.318795540191224,0.318795540191224,0.318795540191224,0.318795540191224,0.318795540191224,0.318795540191224,0.318795540191224,0.041738301191224,5.59946473912294,"Implicit African American Bias"
"86","FMTeam","iafric",17,25,"Data-Driven",0.318796,0.318796,0.318796,0.318796,0.318796,0.318796,0.318796,0.318796,0.318796,0.318796,0.318796,0.318796,0.041738761,5.59952642546269,"Implicit African American Bias"
"87","BlackSwan","iafric",18,25,"Intuition/Theory",0.33,0.31,0.33,0.31,0.33,0.31,0.33,0.31,0.33,0.31,0.33,0.31,0.042942761,5.76105086113669,"Implicit African American Bias"
"88","Team29","iafric",19,25,"Intuition/Theory",0.32,0.32,0.32,0.32,0.32,0.32,0.32,0.32,0.32,0.32,0.32,0.32,0.042942761,5.76105086113669,"Implicit African American Bias"
"89","LongerSquigglyLines","iafric",20,25,"Data-Driven",0.332312,0.322258,0.320062,0.294682,0.320668,0.330294,0.321792,0.318394,0.319167,0.311965,0.323192,0.327273,0.0431143443333333,5.78406988197368,"Implicit African American Bias"
"90","Imielin","iafric",21,25,"Intuition/Theory",0.34,0.33,0.33,0.32,0.32,0.33,0.32,0.31,0.31,0.32,0.31,0.31,0.0437760943333333,5.87284795116576,"Implicit African American Bias"
"91","HSCNAC","iafric",22,25,"Intuition/Theory",0.32,0.35,0.34,0.32,0.32,0.32,0.33,0.32,0.32,0.32,0.32,0.31,0.0471094276666667,6.32003631128205,"Implicit African American Bias"
"92","TeamKL","iafric",23,25,"Intuition/Theory",0.33,0.34,0.33,0.32,0.34,0.34,0.32,0.31,0.31,0.32,0.33,0.34,0.050442761,6.76722467139834,"Implicit African American Bias"
"93","A Woman Scientist","iafric",24,25,"Intuition/Theory",0.33,0.32,0.32,0.33,0.33,0.34,0.33,0.33,0.31,0.33,0.34,0.34,0.0521094276666667,6.99081885145648,"Implicit African American Bias"
"94","Old Chickens","iafric",25,25,"Data-Driven",0.373355436701276,0.384722647123198,0.382255258638391,0.366478950716805,0.341627945084523,0.315439308367877,0.293492554596666,0.282897204114946,0.285910606448126,0.302253592547854,0.3247489831692,0.351835967576206,0.0566942989237557,7.60590916909706,"Implicit African American Bias"
"95","NotGreatWithNamesTeam","iasian",1,30,"Data-Driven",0.318796,0.318796,0.318796,0.318796,0.318796,0.318796,0.318796,0.318796,0.318796,0.318796,0.318796,0.318796,0.02936862925,1.13497418455577,"Implicit Asian American Bias"
"96","LongerSquigglyLines","iasian",2,30,"Data-Driven",0.372507,0.334525,0.386056,0.364222,0.393331,0.398675,0.378888,0.334726,0.339738,0.391988,0.387662,0.363785,0.02944562225,1.13794964066738,"Implicit Asian American Bias"
"97","WQXZ","iasian",3,30,"Data-Driven",0.38333,0.38333,0.38333,0.38333,0.38333,0.38333,0.38333,0.38333,0.38333,0.38333,0.38333,0.38333,0.03516537075,1.35899389964149,"Implicit Asian American Bias"
"98","Heather Shimmer","iasian",4,30,"Data-Driven",0.384,0.384,0.384,0.384,0.384,0.384,0.384,0.384,0.384,0.384,0.384,0.384,0.03583537075,1.38488658592178,"Implicit Asian American Bias"
"99","FMTeam","iasian",5,30,"Data-Driven",0.386282,0.386282,0.386282,0.386282,0.386282,0.386282,0.386282,0.386282,0.386282,0.386282,0.386282,0.386282,0.03811737075,1.47307630247644,"Implicit Asian American Bias"
"100","Dutch East India Company","iasian",6,30,"Data-Driven",0.386282063,0.386282063,0.386282063,0.386282063,0.386282063,0.386282063,0.386282063,0.386282063,0.386282063,0.386282063,0.386282063,0.386282063,0.03811743375,1.47307873716187,"Implicit Asian American Bias"
"101","Average Joes","iasian",7,30,"Data-Driven",0.386282063014672,0.386282063014672,0.386282063014672,0.386282063014672,0.386282063014672,0.386282063014672,0.386282063014672,0.386282063014672,0.386282063014672,0.386282063014672,0.386282063014672,0.386282063014672,0.038117433764672,1.47307873772888,"Implicit Asian American Bias"
"102","BRTWN","iasian",8,30,"Data-Driven",0.3862821,0.3862821,0.3862821,0.3862821,0.3862821,0.3862821,0.3862821,0.3862821,0.3862821,0.3862821,0.3862821,0.3862821,0.03811747075,1.47308016705648,"Implicit Asian American Bias"
"103","Bordeaux","iasian",9,30,"Data-Driven",0.386,0.386,0.386,0.386,0.387,0.387,0.386,0.386,0.386,0.387,0.387,0.386,0.0381687040833333,1.47506012023125,"Implicit Asian American Bias"
"104","Heisenburg","iasian",10,30,"Data-Driven",0.383885581824702,0.387366270361707,0.392929882261358,0.381804989469566,0.374938464833186,0.406350078011583,0.395405333970574,0.364075597963942,0.365747359247622,0.401363095694836,0.399738615071612,0.382545292369007,0.0382962917987043,1.4799908496153,"Implicit Asian American Bias"
"105","MLTS","iasian",11,30,"Data-Driven",0.386998726274759,0.387017157939266,0.387035589603774,0.387054021268281,0.387072452932789,0.387090884597296,0.387109316261804,0.387127747926311,0.387146179590818,0.387164611255326,0.387183042919833,0.387201474584341,0.0389354711795498,1.50469244839898,"Implicit Asian American Bias"
"106","BlackSwan","iasian",12,30,"Intuition/Theory",0.39,0.41,0.36,0.39,0.41,0.36,0.39,0.41,0.36,0.39,0.41,0.36,0.0395749715833333,1.52940645337105,"Implicit Asian American Bias"
"107","AbCdEfG","iasian",13,30,"Data-Driven",0.3892,0.3882,0.388,0.388,0.388,0.388,0.388,0.388,0.388,0.388,0.388,0.388,0.0399520374166667,1.54397846431062,"Implicit Asian American Bias"
"108","fearfulastra","iasian",14,30,"Data-Driven",0.3855488541,0.3892742604,0.3855103883,0.376900089,0.4069819873,0.4006102652,0.3692928169,0.3660438601,0.3926900134,0.4089203584,0.395477622,0.3843415373,0.0403013751166667,1.55747889934343,"Implicit Asian American Bias"
"109","Bluebirds","iasian",15,30,"Data-Driven",0.383,0.379,0.412,0.388,0.388,0.388,0.388,0.388,0.388,0.388,0.388,0.388,0.0406687040833333,1.5716746212771,"Implicit Asian American Bias"
"110","The Well-Adjusted R Squares","iasian",16,30,"Hybrid",0.3886045,0.388715,0.3888256,0.3889362,0.3890468,0.3891574,0.389268,0.3893786,0.3894892,0.3895998,0.3897104,0.3898209,0.04104807075,1.58633554976247,"Implicit Asian American Bias"
"111","Cynical Belief in the Inexorable Crush of the Wheel","iasian",17,30,"Data-Driven",0.386282,0.386282,0.386282,0.386282,0.386282,0.406,0.406,0.386282,0.386282,0.386282,0.386282,0.386282,0.0414037040833333,1.60007928458458,"Implicit Asian American Bias"
"112","MORDEAUX Team","iasian",18,30,"Intuition/Theory",0.37,0.41,0.41,0.4,0.4,0.39,0.39,0.39,0.4,0.37,0.37,0.39,0.0426687040833333,1.64896622211379,"Implicit Asian American Bias"
"113","TheMets","iasian",19,30,"Data-Driven",0.407,0.38,0.407,0.38,0.407,0.38,0.407,0.38,0.407,0.38,0.407,0.38,0.04533537075,1.75202168989603,"Implicit Asian American Bias"
"114","CoronaSky","iasian",20,30,"Intuition/Theory",0.42,0.41,0.4,0.39,0.39,0.39,0.39,0.39,0.39,0.39,0.39,0.39,0.04683537075,1.80999039052354,"Implicit Asian American Bias"
"115","Team29","iasian",21,30,"Intuition/Theory",0.4,0.4,0.4,0.4,0.4,0.4,0.4,0.4,0.4,0.4,0.4,0.4,0.05183537075,2.00321939261525,"Implicit Asian American Bias"
"116","Tosbik","iasian",22,30,"Intuition/Theory",0.4,0.42,0.4,0.41,0.4,0.43,0.43,0.44,0.42,0.41,0.4,0.4,0.0651687040833333,2.51849673152648,"Implicit Asian American Bias"
"117","ForecastSnorecast","iasian",23,30,"Intuition/Theory",0.42,0.425,0.43,0.435,0.44,0.445,0.45,0.43,0.41,0.4,0.39,0.36,0.0714187040833333,2.76003298414111,"Implicit Asian American Bias"
"118","Broken Mirror Neurons","iasian",24,30,"Intuition/Theory",0.47,0.46,0.45,0.45,0.43,0.47,0.42,0.4,0.39,0.4,0.37,0.36,0.07433537075,2.87274990202794,"Implicit Asian American Bias"
"119","A Woman Scientist","iasian",25,30,"Intuition/Theory",0.43,0.41,0.38,0.42,0.44,0.42,0.43,0.44,0.43,0.45,0.38,0.46,0.0760020374166667,2.93715956939184,"Implicit Asian American Bias"
"120","NYHC","iasian",26,30,"Intuition/Theory",0.42,0.43,0.43,0.44,0.44,0.45,0.45,0.44,0.44,0.43,0.43,0.42,0.08683537075,3.35582240725721,"Implicit Asian American Bias"
"121","Imielin","iasian",27,30,"Intuition/Theory",0.44,0.45,0.46,0.45,0.46,0.44,0.45,0.44,0.46,0.45,0.46,0.44,0.10183537075,3.93550941353234,"Implicit Asian American Bias"
"122","ms607","iasian",28,30,"Intuition/Theory",0.6,0.55,0.48,0.52,0.35,0.4,0.52,0.41,0.49,0.39,0.49,0.52,0.128502037416667,4.96606409135479,"Implicit Asian American Bias"
"123","R4VST9","iasian",29,30,"Intuition/Theory",0.55,0.56,0.57,0.58,0.59,0.6,0.65,0.5,0.35,0.33,0.32,0.31,0.15817408575,6.11276414924818,"Implicit Asian American Bias"
"124","polarization-2020CO","iasian",30,30,"Intuition/Theory",0.6,0.7,0.65,0.63,0.65,0.65,0.6,0.55,0.57,0.55,0.53,0.55,0.25433537075,9.82899397732946,"Implicit Asian American Bias"
"125","AbCdEfG","ideoldem",1,34,"Data-Driven",47.8,47.65,47.5,47.36,47.22,47.1,46.98,46.88,46.79,46.7,46.63,46.57,1.41537388818182,1.3323698813025,"Ideological Preferences for Democrats"
"126","Turing Tesla Solutions","ideoldem",2,34,"Data-Driven",47,46,48,49,47,45,43,45,45,45,45,45,1.49561819181818,1.40790829147377,"Ideological Preferences for Democrats"
"127","Tosbik","ideoldem",3,34,"Intuition/Theory",45,46,47,47,48,48,49,47,45,44,44,43,1.73242915909091,1.63083157908763,"Ideological Preferences for Democrats"
"128","Bluebirds","ideoldem",4,34,"Data-Driven",47.12,47.1905,47.228,47.2652,47.3024,47.3396,47.3768,47.414,47.4512,47.4884,47.5256,47.5628,1.78377071727273,1.67916223316552,"Ideological Preferences for Democrats"
"129","The Nowcast","ideoldem",5,34,"Data-Driven",43.64,47.34,47.5,47.75,48,48.5,49,47,47,47,47,47,1.81541617181818,1.70895185332776,"Ideological Preferences for Democrats"
"130","CarrNCUSA","ideoldem",6,34,"Data-Driven",48.7,48.5,48.53922,48.53153,48.53303,48.53274,48.5328,48.53278,48.53279,48.53279,48.53279,48.53279,1.88465408090909,1.7741293343364,"Ideological Preferences for Democrats"
"131","Team IPA","ideoldem",7,34,"Intuition/Theory",47,47,46,46,46,46,46,48,48,47,46.5,46,1.92723435363636,1.8142125048634,"Ideological Preferences for Democrats"
"132","Sociology","ideoldem",8,34,"Intuition/Theory",44,45,46,46,47,47,47,47,47,47,47,47,2.33632526272727,2.19931244950599,"Ideological Preferences for Democrats"
"133","Junesix","ideoldem",9,34,"Data-Driven",45,45,46,46,45,45,46,46,46,47,46,47,2.33632526272727,2.19931244950599,"Ideological Preferences for Democrats"
"134","IPZ_predi","ideoldem",10,34,"Data-Driven",45.6640777587891,44.4385108947754,44.5853538513184,44.7321968078613,44.8790435791016,45.0258865356445,45.1727294921875,45.3195724487305,43.7042961120605,43.8511390686035,43.9979820251465,44.1448249816895,2.4404912096502,2.29736962824606,"Ideological Preferences for Democrats"
"135","Old Chickens","ideoldem",11,34,"Data-Driven",43.6069558257962,43.6915453658627,43.7734062110884,44.5237077235813,46.3758480274331,47.8899200817992,48.0585524839054,47.2569482297344,46.3964432413157,45.6961875538803,44.820088030328,44.5210685974829,2.59553304446492,2.44331909981245,"Ideological Preferences for Democrats"
"136","md2000","ideoldem",12,34,"Intuition/Theory",44,45,45,46,47,47,48,48,48,48,47,46,2.60905253545455,2.45604574593439,"Ideological Preferences for Democrats"
"137","fearfulastra","ideoldem",13,34,"Data-Driven",42.945,44.35,43.841,44.432,45.084,45.88,45.97,46.058,46.148,46.238,46.319,46.409,2.74196162636364,2.58116043906049,"Ideological Preferences for Democrats"
"138","Heisenburg","ideoldem",14,34,"Data-Driven",42.02,43.5,43.04,43.68,44.42,45.31,46.39,46.37,45.26,45.26,44.98,43.78,3.04450708090909,2.86596324256506,"Ideological Preferences for Democrats"
"139","StatFore","ideoldem",15,34,"Data-Driven",43.9091494109097,43.9195841022282,43.9300187935467,43.9404534848652,43.9508881761838,43.9613228675023,43.9717575588208,43.9821922501393,43.9926269414578,44.0030616327764,44.0134963240949,44.0239310154134,3.18644228486539,2.99957471613183,"Ideological Preferences for Democrats"
"140","MLTS","ideoldem",16,34,"Data-Driven",43.88647638,43.9003893,43.91430223,43.92821515,43.94212807,43.95604099,43.96995391,43.98386683,43.99777976,44.01169268,44.0256056,44.03951852,3.19077555363636,3.00365386217673,"Ideological Preferences for Democrats"
"141","Bordeaux","ideoldem",17,34,"Data-Driven",43.868,43.868,43.868,43.868,43.959,44.076,44.084,44.091,43.868,43.868,43.868,43.868,3.21552006818182,3.02694724506524,"Ideological Preferences for Democrats"
"142","Erebuni","ideoldem",18,34,"Intuition/Theory",44,43,42,42,43,45,46,46,46,45,44,43,3.38177980818182,3.18345675248151,"Ideological Preferences for Democrats"
"143","LongerSquigglyLines","ideoldem",19,34,"Data-Driven",43.75,43.75,43.75,43.75,43.75,43.75,43.75,43.75,43.75,43.75,43.75,43.75,3.40061097727273,3.20118357557464,"Ideological Preferences for Democrats"
"144","BRTWN","ideoldem",20,34,"Data-Driven",43.75,43.75,43.75,43.75,43.75,43.75,43.75,43.75,43.75,43.75,43.75,43.75,3.40061097727273,3.20118357557464,"Ideological Preferences for Democrats"
"145","The Bingo Jingoists","ideoldem",21,34,"Hybrid",42.96,42.03,43.05,42.45,43.56,44.24,45.88,44.02,45.76,43.99,44.09,45.65,3.60879279545454,3.39715665851498,"Ideological Preferences for Democrats"
"146","Dutch East India Company","ideoldem",22,34,"Data-Driven",43,42,41,42.5,43,44,45,47,47,46,46,45,3.70905253545455,3.49153670819558,"Ideological Preferences for Democrats"
"147","Team29","ideoldem",23,34,"Intuition/Theory",43,44,45,46,47,48,49,50,50,50,50,50,3.79087071727273,3.5685566971241,"Ideological Preferences for Democrats"
"148","Average Joes","ideoldem",24,34,"Data-Driven",43.3,43.3,43.3,43.3,43.3,43.3,43.3,43.3,43.3,43.3,43.3,43.4,3.84152006818182,3.61623573813388,"Ideological Preferences for Democrats"
"149","RTTMT","ideoldem",25,34,"Intuition/Theory",43.30266437,43.30266437,43.30266437,43.30266437,43.30266437,43.30266437,43.30266437,43.30266437,43.30266437,43.30266437,43.30266437,43.30266437,3.84794660727272,3.62228539554047,"Ideological Preferences for Democrats"
"150","Imielin","ideoldem",26,34,"Intuition/Theory",43.01,43.04,43.05,43.06,43.1,43.08,43,43.04,43.07,43.06,43.09,43.04,4.09879279545455,3.85842081443133,"Ideological Preferences for Democrats"
"151","TheMets","ideoldem",27,34,"Data-Driven",43.3,42.8,43.3,42.8,43.3,42.8,43.3,42.8,43.3,42.8,43.3,42.8,4.12333825,3.88152681110989,"Ideological Preferences for Democrats"
"152","NYHC","ideoldem",28,34,"Intuition/Theory",38,40,41,43,46,48,50,49,48,47,46,45,4.24541617181818,3.99644552450476,"Ideological Preferences for Democrats"
"153","Skuld Forecasting Systems","ideoldem",29,34,"Hybrid",43.8,43.75,43.54,43.24,42.91,42.6,42.33,42.09,41.88,41.71,41.57,41.45,4.51515643181818,4.25036698031201,"Ideological Preferences for Democrats"
"154","ab","ideoldem",30,34,"Data-Driven",42,42,42,42,42,42,42,42,42,42,42,42,5.15061097727273,4.84855556099017,"Ideological Preferences for Democrats"
"155","Goldensaber","ideoldem",31,34,"Intuition/Theory",43.3,43.3,43,42.5,42.3,41,40.6,40.6,40.6,40.6,40.6,40.6,5.47788370454545,5.15663551670425,"Ideological Preferences for Democrats"
"156","A Woman Scientist","ideoldem",32,34,"Intuition/Theory",40,39,41,43,45,40,41,42,43,41,41,40,5.96879279545455,5.61875545027535,"Ideological Preferences for Democrats"
"157","SCREEN Team","ideoldem",33,34,"Intuition/Theory",45,50,50,50,55,55,55,55,55,55,55,55,6.01852221545455,5.66556850933762,"Ideological Preferences for Democrats"
"158","BlackSwan","ideoldem",34,34,"Intuition/Theory",39,41,40,41,40,41,40,40,41,40,41,40,6.87788370454545,6.47453310503667,"Ideological Preferences for Democrats"
"159","Erebuni","ideolrep",1,34,"Intuition/Theory",39,39,42,42,44,47,48,47,43,42,41,42,1.57090616545455,1.61295458456743,"Ideological Preferences for Republicans"
"160","IPZ_predi","ideolrep",2,34,"Data-Driven",39.6250953674316,41.6387329101562,41.6412315368652,41.643726348877,41.6462249755859,41.6487236022949,41.6512184143066,41.6537170410156,41.6262474060059,41.6287422180176,41.6312408447266,41.6337394714355,1.59110808383966,1.6336972473648,"Ideological Preferences for Republicans"
"161","CarrNCUSA","ideolrep",3,34,"Data-Driven",41.3,40.6,40.59387,40.59382,40.59382,40.59382,40.59382,40.59382,40.59382,40.59382,40.59382,40.59382,1.98433514727273,2.03744981304196,"Ideological Preferences for Republicans"
"162","ab","ideolrep",4,34,"Data-Driven",40,40,40,40,40,40,40,40,40,40,40,40,2.60345136363636,2.67313790283618,"Ideological Preferences for Republicans"
"163","Bluebirds","ideolrep",5,34,"Data-Driven",37.625,37.1947,38.4808,39.0497,40.7266,41.716,41.1082,40.8005,40.2346,40.0212,40.3989,41.6016,2.919815,2.99796963937437,"Ideological Preferences for Republicans"
"164","Old Chickens","ideolrep",6,34,"Data-Driven",38.1405010595282,38.2921390056949,38.438885405211,38.9421366800441,40.0234561516183,40.7322818361135,42.2878473107705,40.155100602464,39.3389299889103,39.490567935077,39.627531241292,39.7791691874588,2.97530441679343,3.05494434046101,"Ideological Preferences for Republicans"
"165","Team IPA","ideolrep",7,34,"Intuition/Theory",39,39,38,38,39,40,41,41,41,41.5,42,43,3.03851629818182,3.11984821322354,"Ideological Preferences for Republicans"
"166","NYHC","ideolrep",8,34,"Intuition/Theory",31,35,38,40,43,45,48,47,46,45,44,43,3.27677603818182,3.36448544770766,"Ideological Preferences for Republicans"
"167","Heisenburg","ideolrep",9,34,"Data-Driven",37.7,37.82,37.47,37.82,38.39,39.6,40.81,42.07,41.29,41.27,39,37.75,3.61487993454545,3.71163936542243,"Ideological Preferences for Republicans"
"168","Team29","ideolrep",10,34,"Intuition/Theory",35,37,39,41,43,45,47,49,50,50,50,50,4.09495785636364,4.2045675249616,"Ideological Preferences for Republicans"
"169","The Nowcast","ideolrep",11,34,"Data-Driven",35.56,37.48,38,38.5,38.75,39.25,39.5,38,38,38,38,38,4.50890590909091,4.62959571830758,"Ideological Preferences for Republicans"
"170","Turing Tesla Solutions","ideolrep",12,34,"Data-Driven",38,40,38,35,37,39,40,38,38,38,38,38,4.51254227272727,4.63332941642871,"Ideological Preferences for Republicans"
"171","fearfulastra","ideolrep",13,34,"Data-Driven",37.476,36.928,36.604,36.981,37.405,38.089,38.158,38.225,38.295,38.364,38.427,38.496,4.86226954545455,4.99241783322826,"Ideological Preferences for Republicans"
"172","Dutch East India Company","ideolrep",14,34,"Data-Driven",35,34,34,35,37,39,40,41,41,40,39,39,5.05799681818182,5.19338413459801,"Ideological Preferences for Republicans"
"173","Junesix","ideolrep",15,34,"Data-Driven",34,34,35,36,37,38,40,39,39,41,41,43,5.08397084363636,5.2200534063584,"Ideological Preferences for Republicans"
"174","Imielin","ideolrep",16,34,"Intuition/Theory",35.02,37.04,37.09,37.2,37.22,37.25,37.3,37.32,37.4,37.5,38.01,38.5,5.38072409090909,5.52474984284817,"Ideological Preferences for Republicans"
"175","md2000","ideolrep",17,34,"Intuition/Theory",38,39,38,37,38,37,36,36,36,36,37,37,5.42163318181818,5.56675394671087,"Ideological Preferences for Republicans"
"176","Goldensaber","ideolrep",18,34,"Intuition/Theory",36.7,36.7,36.4,36.4,36.7,37,37.5,37.7,37.7,37.7,37.7,37.7,5.49436045454545,5.64142790913344,"Ideological Preferences for Republicans"
"177","Average Joes","ideolrep",19,34,"Data-Driven",36.7,36.7,36.7,36.7,36.7,36.7,36.7,36.7,36.7,36.7,36.7,36.7,5.90345136363636,6.06146894776041,"Ideological Preferences for Republicans"
"178","RTTMT","ideolrep",20,34,"Intuition/Theory",36.69545774,36.69545774,36.69545774,36.69545774,36.69545774,36.69545774,36.69545774,36.69545774,36.69545774,36.69545774,36.69545774,36.69545774,5.90799362363636,6.06613279035802,"Ideological Preferences for Republicans"
"179","TheMets","ideolrep",21,34,"Data-Driven",36.7,36.5,36.7,36.5,36.7,36.5,36.7,36.5,36.7,36.5,36.7,36.5,6.01254227272727,6.17347989139427,"Ideological Preferences for Republicans"
"180","The Bingo Jingoists","ideolrep",22,34,"Hybrid",35.2,35.05,34.76,33.99,33.98,36.85,37.87,36.45,35.78,37.78,37.25,36.56,6.62708772727273,6.80447487386501,"Ideological Preferences for Republicans"
"181","A Woman Scientist","ideolrep",23,34,"Intuition/Theory",38,39,36,35,36,34,35,36,37,35,35,34,6.87617863636364,7.06023319516232,"Ideological Preferences for Republicans"
"182","MLTS","ideolrep",24,34,"Data-Driven",35.04883061,34.64922938,34.57181673,34.7625017,35.1515189,35.62795288,36.09007126,36.45161105,36.66215373,36.70756116,36.60849622,36.40972979,6.95987684727273,7.14617175468592,"Ideological Preferences for Republicans"
"183","Bordeaux","ideolrep",25,34,"Data-Driven",35.643,35.469,35.166,35.259,35.381,35.689,35.759,35.714,35.714,35.819,35.714,35.714,7.02826954545455,7.21639511907852,"Ideological Preferences for Republicans"
"184","StatFore","ideolrep",26,34,"Data-Driven",35.066118538212,34.7664176144515,34.7083581309704,34.851371853152,35.1431347580321,35.5004602376852,35.8470490245044,36.1182038675572,36.2761108772702,36.3101664563464,36.2358677447654,36.0867929222183,7.09127489564592,7.28108693242693,"Ideological Preferences for Republicans"
"185","BRTWN","ideolrep",27,34,"Data-Driven",33.71636,32.48795,32.22611,32.76857,33.90602,35.30572,36.66247,37.71749,38.31951,38.42613,38.09934,37.47344,7.25894227272727,7.45324225939232,"Ideological Preferences for Republicans"
"186","LongerSquigglyLines","ideolrep",28,34,"Data-Driven",33.716,32.488,32.226,32.769,33.906,35.306,36.662,37.717,38.32,38.426,38.099,37.473,7.25908772727273,7.45339160731716,"Ideological Preferences for Republicans"
"187","AbCdEfG","ideolrep",29,34,"Data-Driven",37.5,36.9,36.31,35.79,35.35,34.99,34.68,34.43,34.22,34.05,33.9,33.78,7.359815,7.55681504527243,"Ideological Preferences for Republicans"
"188","Sociology","ideolrep",30,34,"Intuition/Theory",35,35,35,35,35,35,35,35,35,35,35,35,7.60345136363636,7.80697281938804,"Ideological Preferences for Republicans"
"189","Skuld Forecasting Systems","ideolrep",31,34,"Hybrid",35.7,35.66,35.48,35.22,34.95,34.69,34.46,34.26,34.08,33.92,33.82,33.71,7.88799681818182,8.09913469736636,"Ideological Preferences for Republicans"
"190","Tosbik","ideolrep",32,34,"Intuition/Theory",35,34,34,36,37,33,32,34,36,36,35,34,8.05799681818182,8.27368508452912,"Ideological Preferences for Republicans"
"191","BlackSwan","ideolrep",33,34,"Intuition/Theory",33,35,34,35,34,35,34,34,35,34,35,34,8.33072409090909,8.55371244361377,"Ideological Preferences for Republicans"
"192","SCREEN Team","ideolrep",34,34,"Intuition/Theory",35,30,25,25,25,25,25,25,25,25,25,25,16.239815,16.6745058570685,"Ideological Preferences for Republicans"
"193","The Well-Adjusted R Squares","igend",1,22,"Hybrid",0.3576008,0.3572433,0.3568859,0.3565284,0.3561709,0.3558134,0.355456,0.3550985,0.354741,0.3543836,0.3540261,0.3536686,0.00586615333333332,0.526829630267004,"Implicit Gender-Career Bias"
"194","fearfulastra","igend",2,22,"Data-Driven",0.361,0.357,0.365,0.35,0.354,0.357,0.357,0.356,0.356,0.356,0.355,0.355,0.00713131466666666,0.640451699039176,"Implicit Gender-Career Bias"
"195","MLTS","igend",3,22,"Data-Driven",0.360005115734121,0.359828593452986,0.359652071171851,0.359475548890716,0.35929902660958,0.359122504328445,0.35894598204731,0.358769459766175,0.35859293748504,0.358416415203905,0.35823989292277,0.358063370641635,0.00844803865389366,0.758704525369633,"Implicit Gender-Career Bias"
"196","Heisenburg","igend",4,22,"Data-Driven",0.348083465921154,0.360394944275952,0.362556203718211,0.378618487884481,0.347102969068157,0.357999886160133,0.359875655525552,0.351917322120815,0.345989652152832,0.355424961130912,0.360681217208961,0.36163614486982,0.00913454477776482,0.820358516812364,"Implicit Gender-Career Bias"
"197","Bordeaux","igend",5,22,"Data-Driven",0.361,0.361,0.361,0.36,0.36,0.36,0.36,0.358,0.358,0.36,0.36,0.36,0.00927145366666664,0.832654080058309,"Implicit Gender-Career Bias"
"198","Team29","igend",6,22,"Intuition/Theory",0.36,0.36,0.36,0.36,0.36,0.36,0.36,0.36,0.36,0.36,0.36,0.36,0.00935478699999998,0.840138110340888,"Implicit Gender-Career Bias"
"199","Heather Shimmer","igend",7,22,"Data-Driven",0.3604,0.3604,0.3604,0.3604,0.3604,0.3604,0.3604,0.3604,0.3604,0.3604,0.3604,0.3604,0.00975478699999999,0.876061455697267,"Implicit Gender-Career Bias"
"200","Bluebirds","igend",8,22,"Data-Driven",0.361,0.361,0.361,0.361,0.361,0.361,0.361,0.361,0.361,0.361,0.361,0.361,0.010354787,0.929946473731833,"Implicit Gender-Career Bias"
"201","WQXZ","igend",9,22,"Data-Driven",0.36254,0.36278,0.36217,0.36141,0.36067,0.3601,0.35984,0.35992,0.36028,0.3608,0.3613,0.36162,0.0104739536666667,0.940648637035922,"Implicit Gender-Career Bias"
"202","BRTWN","igend",10,22,"Data-Driven",0.3617207,0.3617207,0.3617207,0.3617207,0.3617207,0.3617207,0.3617207,0.3617207,0.3617207,0.3617207,0.3617207,0.36,0.0109320953333333,0.981793590320456,"Implicit Gender-Career Bias"
"203","LongerSquigglyLines","igend",11,22,"Data-Driven",0.370685,0.346239,0.331944,0.378714,0.348919,0.355908,0.360306,0.355144,0.333946,0.353772,0.360745,0.355293,0.0130963875,1.17616512770863,"Implicit Gender-Career Bias"
"204","MORDEAUX Team","igend",12,22,"Intuition/Theory",0.3627,0.3693,0.3723,0.3604,0.3666,0.3603,0.367,0.3579,0.3745,0.3569,0.3588,0.3622,0.0137415313333333,1.23410443953206,"Implicit Gender-Career Bias"
"205","AbCdEfG","igend",13,22,"Data-Driven",0.3638,0.3645,0.3648,0.365,0.3651,0.3651,0.3651,0.3651,0.3651,0.3651,0.3651,0.3651,0.0142631203333333,1.28094749398478,"Implicit Gender-Career Bias"
"206","Average Joes","igend",14,22,"Data-Driven",0.365107699396949,0.365107699396949,0.365107699396949,0.365107699396949,0.365107699396949,0.365107699396949,0.365107699396949,0.365107699396949,0.365107699396949,0.365107699396949,0.365107699396949,0.365107699396949,0.014462486396949,1.29885223387379,"Implicit Gender-Career Bias"
"207","FMTeam","igend",15,22,"Data-Driven",0.365108,0.365108,0.365108,0.365108,0.365108,0.365108,0.365108,0.365108,0.365108,0.365108,0.365108,0.365108,0.014462787,1.29887923054184,"Implicit Gender-Career Bias"
"208","TeamKL","igend",16,22,"Intuition/Theory",0.37,0.38,0.36,0.39,0.35,0.36,0.35,0.36,0.35,0.36,0.39,0.35,0.0151087423333333,1.35689142185216,"Implicit Gender-Career Bias"
"209","TheMets","igend",17,22,"Data-Driven",0.381,0.359,0.381,0.359,0.381,0.359,0.381,0.359,0.381,0.359,0.381,0.359,0.019354787,1.73822174425034,"Implicit Gender-Career Bias"
"210","A Woman Scientist","igend",18,22,"Intuition/Theory",0.37,0.38,0.37,0.39,0.38,0.37,0.38,0.37,0.38,0.35,0.38,0.37,0.024983198,2.24370012465194,"Implicit Gender-Career Bias"
"211","BlackSwan","igend",19,22,"Intuition/Theory",0.33,0.3,0.33,0.3,0.33,0.3,0.33,0.3,0.33,0.3,0.33,0.3,0.035645213,3.20123824225164,"Implicit Gender-Career Bias"
"212","Sociology","igend",20,22,"Intuition/Theory",0.38,0.39,0.39,0.39,0.39,0.39,0.39,0.39,0.39,0.39,0.39,0.39,0.0385214536666667,3.45954870924346,"Implicit Gender-Career Bias"
"213","Imielin","igend",21,22,"Intuition/Theory",0.39,0.4,0.41,0.4,0.4,0.4,0.41,0.4,0.39,0.39,0.39,0.4,0.0476881203333333,4.28279204032712,"Implicit Gender-Career Bias"
"214","1859","igend",22,22,"Data-Driven",0.451177878734544,0.469998445953743,0.487400660829369,0.423151182418789,0.315312670177603,0.343069661163234,0.330700480124863,0.413934889542657,0.346445309216223,0.325965101332176,0.360973852980356,0.340531937006382,0.0505667049532481,4.54131301392401,"Implicit Gender-Career Bias"
"215","polarization-2020CO","lifesat",1,57,"Intuition/Theory",6.29,6.29,6.31,6.33,6.33,6.36,6.34,6.35,6.36,6.4,6.39,6.4,0.0329093370833333,1.03516273201437,"Life Satisfaction"
"216","NotGreatWithNamesTeam","lifesat",2,57,"Data-Driven",6.359,6.35,6.345,6.3619,6.3619,6.3619,6.3619,6.3619,6.3619,6.3619,6.3619,6.3619,0.0380077155833335,1.19553215554726,"Life Satisfaction"
"217","Average Joes","lifesat",3,57,"Data-Driven",6.36,6.36,6.36,6.36,6.36,6.36,6.36,6.36,6.36,6.36,6.36,6.36,0.0387493822500002,1.21886127004648,"Life Satisfaction"
"218","C-Team","lifesat",4,57,"Data-Driven",6.36140254312187,6.36140254312187,6.36140254312187,6.36140254312187,6.36140254312187,6.36140254312187,6.36140254312187,6.36140254312187,6.36140254312187,6.36140254312187,6.36140254312187,6.36140254312187,0.0401519253718701,1.2629782440872,"Life Satisfaction"
"219","FMTeam","lifesat",5,57,"Data-Driven",6.3619,6.3619,6.3619,6.3619,6.3619,6.3619,6.3619,6.3619,6.3619,6.3619,6.3619,6.3619,0.0406493822500003,1.27862574314562,"Life Satisfaction"
"220","RTTMT","lifesat",6,57,"Data-Driven",6.361904877,6.361904877,6.361904877,6.361904877,6.361904877,6.361904877,6.361904877,6.361904877,6.361904877,6.361904877,6.361904877,6.361904877,0.0406542592499997,1.27877914911155,"Life Satisfaction"
"221","AbCdEfG","lifesat",7,57,"Hybrid",6.37,6.28,6.24,6.25,6.28,6.29,6.31,6.3,6.29,6.32,6.32,6.31,0.04106520425,1.29170541826826,"Life Satisfaction"
"222","CoronaSky","lifesat",8,57,"Intuition/Theory",6.35,6.38,6.35,6.32,6.3,6.28,6.3,6.33,6.35,6.38,6.4,6.42,0.0475966359166665,1.49715150886897,"Life Satisfaction"
"223","Patricia Arriaga","lifesat",9,57,"Intuition/Theory",6.372,6.307,6.272,6.306,6.321,6.351,6.38,6.393,6.391,6.419,6.46,6.346,0.0500346657499999,1.57383970275799,"Life Satisfaction"
"224","ms607","lifesat",10,57,"Hybrid",6.24,6.26,6.22,6.24,6.27,6.26,6.28,6.32,6.3,6.35,6.36,6.34,0.0504154722499999,1.5858179658239,"Life Satisfaction"
"225","A Woman Scientist","lifesat",11,57,"Intuition/Theory",6.4,6.3,6.3,6.3,6.4,6.4,6.4,6.44,6.38,6.36,6.35,6.4,0.0531523602500001,1.67190673911409,"Life Satisfaction"
"226","TheMets","lifesat",12,57,"Data-Driven",6.362,6.387,6.362,6.387,6.362,6.387,6.362,6.387,6.362,6.387,6.362,6.387,0.0532493822499998,1.67495856475041,"Life Satisfaction"
"227","Not a fortune teller","lifesat",13,57,"Intuition/Theory",6.3,6.3,6.3,6.3,6.4,6.4,6.4,6.4,6.4,6.4,6.4,6.4,0.0562633429166669,1.76976265484772,"Life Satisfaction"
"228","4 chimps with a dart","lifesat",14,57,"Hybrid",6.371621834,6.311220741,6.343768437,6.348063229,6.370721334,6.396651361,6.413989808,6.407538238,6.406474128,6.424569907,6.437782509,6.43919129,0.0680487835833332,2.14047352415533,"Life Satisfaction"
"229","WeGen","lifesat",15,57,"Intuition/Theory",6.4,6.4,6.4,6.4,6.4,6.4,6.4,6.4,6.4,6.4,6.4,6.4,0.0787493822500003,2.47706070371253,"Life Satisfaction"
"230","meebe","lifesat",16,57,"Hybrid",6.5,6.3,6.2,6.3,6.3,6.2,6.2,6.3,6.3,6.2,6.3,6.3,0.0793985375833333,2.49747987553155,"Life Satisfaction"
"231","Duckling Power","lifesat",17,57,"Intuition/Theory",6.4,6.3,6.35,6.25,6.3,6.2,6.15,6.2,6.25,6.3,6.35,6.4,0.0794617792499999,2.49946914126115,"Life Satisfaction"
"232","The Forecasting Four","lifesat",18,57,"Intuition/Theory",6.08,6.095,6.14,6.24,6.28,6.23,6.3,6.36,6.33,6.33,6.37,6.34,0.0799430820833333,2.5146085150692,"Life Satisfaction"
"233","Waterloo Purple Jackets","lifesat",19,57,"Data-Driven",6.421657133,6.404696788,6.380576899,6.36,6.37,6.4,6.42,6.44,6.43,6.42,6.41,6.42,0.0851602839166667,2.67871552486974,"Life Satisfaction"
"234","King Octopus","lifesat",20,57,"Hybrid",6.50142,6.47,6.33,6.18,6.24,6.3,6.33,6.35,6.4,6.45,6.4,6.42,0.09021496925,2.83771058046374,"Life Satisfaction"
"235","BlackSwan","lifesat",21,57,"Intuition/Theory",6.1,6.1,6.1,6.2,6.2,6.25,6.25,6.3,6.3,6.35,6.35,6.4,0.0933461289166668,2.93620116344669,"Life Satisfaction"
"236","LongerSquigglyLines","lifesat",22,57,"Data-Driven",6.480284,6.411449,6.336848,6.375438,6.386695,6.411736,6.407938,6.437951,6.451646,6.466238,6.459458,6.447009,0.101473548916667,3.19184904447584,"Life Satisfaction"
"237","WQXZ","lifesat",23,57,"Data-Driven",6.4541,6.3856,6.3489,6.3686,6.3922,6.4137,6.441,6.4384,6.437,6.4788,6.4853,6.4773,0.105491048916667,3.31821945009467,"Life Satisfaction"
"238","Broken Mirror Neurons","lifesat",24,57,"Intuition/Theory",6.43,6.4,6.37,6.36,6.4,6.42,6.43,6.42,6.44,6.48,6.49,6.49,0.10624938225,3.34207281435793,"Life Satisfaction"
"239","Korrigan","lifesat",25,57,"Intuition/Theory",6.4,6.25,6.3,6.35,6.38,6.38,6.55,6.6,6.5,6.48,6.46,6.48,0.10698483075,3.36520633651268,"Life Satisfaction"
"240","DrT","lifesat",26,57,"Data-Driven",6.42463991005986,6.42574981838893,6.42988670390691,6.43039769178276,6.43287721859489,6.4353285789396,6.43642030228546,6.43721616186657,6.4305572981626,6.42299294726569,6.45176056540464,6.43366682684732,0.111373884208769,3.50326395091652,"Life Satisfaction"
"241","Seaside","lifesat",27,57,"Intuition/Theory",6.3,6.25,6.2,6.15,6.15,6.15,6.15,6.15,6.2,6.25,6.3,6.35,0.11169055225,3.51322473966993,"Life Satisfaction"
"242","Cascade Institute","lifesat",28,57,"Hybrid",6.5,6.5,6.5,6.5,6.4,6.4,6.4,6.4,6.4,6.4,6.4,6.4,0.112082715583333,3.52556023176756,"Life Satisfaction"
"243","Sociology","lifesat",29,57,"Intuition/Theory",6,6.05,6.1,6.15,6.18,6.22,6.26,6.28,6.3,6.31,6.32,6.33,0.112917284416667,3.55181158260394,"Life Satisfaction"
"244","CarrNCUSA","lifesat",30,57,"Hybrid",6.3,6.45,6.49,6.49,6.45,6.46,6.43,6.48,6.4,6.41,6.43,6.46,0.121860364916667,3.83311605311219,"Life Satisfaction"
"245","MLTS","lifesat",31,57,"Data-Driven",6.45463881934652,6.45341623465554,6.43174752478463,6.42772841127451,6.436624996665,6.43830935302476,6.44475101661802,6.45466215356525,6.44997661790302,6.45042023585132,6.45725048355124,6.46245300568597,0.125580953327148,3.95014710888649,"Life Satisfaction"
"246","Bordeaux","lifesat",32,57,"Data-Driven",6.46,6.428,6.414,6.426,6.439,6.447,6.46,6.46,6.46,6.46,6.46,6.46,0.126582715583333,3.98165752647149,"Life Satisfaction"
"247","BRTWN","lifesat",33,57,"Data-Driven",6.460422,6.460422,6.460422,6.460422,6.460422,6.460422,6.460422,6.460422,6.460422,6.460422,6.460422,6.460422,0.13917138225,4.37763385823677,"Life Satisfaction"
"248","Team29","lifesat",34,57,"Hybrid",6,6.05,6.1,6.15,6.2,6.25,6.3,6.35,6.4,6.45,6.5,6.55,0.143517497916667,4.51434086499794,"Life Satisfaction"
"249","Bluebirds","lifesat",35,57,"Data-Driven",6.46841,6.4686,6.46863,6.46864,6.46864,6.46864,6.46864,6.46864,6.46864,6.46864,6.46864,6.46864,0.147366048916666,4.63539698221381,"Life Satisfaction"
"250","Old Chickens","lifesat",36,57,"Hybrid",6,6.1,6.2,6.3,6.4,6.45,6.49145332404342,6.49617665477565,6.50105742986561,6.50593820495558,6.51034664697232,6.51522742206228,0.148354413972905,4.66648599106417,"Life Satisfaction"
"251","fearfulastra","lifesat",37,57,"Data-Driven",6.508629782,6.444670458,6.407886591,6.431860061,6.458139553,6.480067496,6.484948271,6.489671601,6.494552377,6.499433152,6.503841594,6.508722369,0.154784657666667,4.86874921540981,"Life Satisfaction"
"252","Abracadabra","lifesat",38,57,"Data-Driven",6,6,6,6.1,6.2,6.2,6.1,6.3,6.3,6.2,6.3,6.4,0.156264983083333,4.9153128304321,"Life Satisfaction"
"253","CheeseCake","lifesat",39,57,"Intuition/Theory",6.5,6.6,6.6,6.6,6.6,6.5,6.4,6.4,6.3,6.3,6.3,6.4,0.158140641583333,4.97431164199337,"Life Satisfaction"
"254","Haku","lifesat",40,57,"Data-Driven",6.251240329,6.320967712,6.251240329,6.181512947,6.111785565,6.042058182,5.9723308,5.9723308,6.111785565,6.181512947,6.251240329,6.314159915,0.174990353916667,5.50431910487427,"Life Satisfaction"
"255","Forecasting Team 1","lifesat",41,57,"Intuition/Theory",6.5,6.5,6.5,6.5,6.5,6.5,6.5,6.5,6.5,6.5,6.5,6.5,0.17874938225,5.62255928787763,"Life Satisfaction"
"256","Renegade","lifesat",42,57,"Intuition/Theory",6.47242247658548,6.47842247658548,6.48442247658548,6.49042247658548,6.49642247658548,6.50242247658548,6.50842247658548,6.51442247658548,6.52042247658548,6.52642247658548,6.53242247658548,6.53842247658548,0.18417185883548,5.79312321210058,"Life Satisfaction"
"257","Haifa_Team","lifesat",43,57,"Intuition/Theory",5.7,5.8,5.9,6.4,6.4,6.35,6.3,6.4,6.3,6.2,6.5,6.6,0.196738157583333,6.18839596129627,"Life Satisfaction"
"258","Heisenburg","lifesat",44,57,"Data-Driven",6.4668643981291,6.50441461596705,6.46143036114897,6.44207854245478,6.47590135372245,6.51696937492475,6.55846742784937,6.60731691279503,6.57048430261844,6.54538517972231,6.55368379415293,6.5402114323642,0.199016690237448,6.2600671736712,"Life Satisfaction"
"259","Me Myself and I","lifesat",45,57,"Intuition/Theory",6.2,6.2,6.1,6,6,6,5.7,6,6.2,6.3,6.4,6.4,0.21788264125,6.85349539566029,"Life Satisfaction"
"260","md2000","lifesat",46,57,"Intuition/Theory",6.2,6.35,6.1,6.1,6,6,6.1,6.2,6.1,6.1,6,6,0.239176186916667,7.52328357312385,"Life Satisfaction"
"261","Dog's Sense","lifesat",47,57,"Data-Driven",5.9,5.85,5.9,5.9,6,6.05,6.1,6.15,6.2,6.2,6.15,6.2,0.27125061775,8.53218434086536,"Life Satisfaction"
"262","Spartacus","lifesat",48,57,"Hybrid",5.9,6,6.05,6,6.04,6.09,6.1,6.01,6.05,6.06,6.07,6.1,0.282083951083334,8.87294668748325,"Life Satisfaction"
"263","Nurni Flowenol","lifesat",49,57,"Intuition/Theory",6.2,6.1,6.2,6.2,6.2,6.1,6,5.9,5.9,5.8,5.9,5.9,0.287917284416667,9.05643410489288,"Life Satisfaction"
"264","TeamKL","lifesat",50,57,"Intuition/Theory",6.4,6.6,7,7,6.8,6.5,6.5,6.5,6.2,6.3,6.8,6.8,0.328091633083333,10.3201176734004,"Life Satisfaction"
"265","Imielin","lifesat",51,57,"Intuition/Theory",6.2,6.25,6.1,6.1,6,6,5.8,6,5.8,5.8,5.9,6,0.330842853583333,10.4066572752752,"Life Satisfaction"
"266","Platypus","lifesat",52,57,"Hybrid",4.58177588262195,6.00845087627303,5.58223776284568,5.9481201037645,6.0088404,6.0426352,6.07643,6.1017761,6.1001967037645,6.09073915908118,6.01898192192687,5.97415018100805,0.44338942680952,13.9468081426312,"Life Satisfaction"
"267","HHH","lifesat",53,57,"Intuition/Theory",7,7,7,6,6,6,6,6,7,7,7,7,0.534286195083333,16.8059647017359,"Life Satisfaction"
"268","SCREEN Team","lifesat",54,57,"Intuition/Theory",5,5.5,5.5,5.5,5.5,5.5,5.5,5.5,6,6,6,6,0.69625061775,21.9005533235671,"Life Satisfaction"
"269","AhamBrahamasmi","lifesat",55,57,"Intuition/Theory",5,7,6,7,6,4,5,4,5,6,6,5,1.06384199075,33.4631347567952,"Life Satisfaction"
"270","Team Funemployed","lifesat",56,57,"Hybrid",5.046847,4.375611,4.33403,4.292449,4.250868,4.506294,4.76172,5.017147,5.094369,5.171591,5.248812,5.296334,1.53824461775,48.3854626723222,"Life Satisfaction"
"271","Comet","lifesat",57,57,"Intuition/Theory",5,4,4,3,3,4,4,5,5,5,5,6,1.90458395108333,59.9086612155621,"Life Satisfaction"
"272","Imielin","negaffect",1,28,"Intuition/Theory",2.54,2.42,2.22,2.21,2.1,2.2,2.35,2.12,2.11,2.2,2.1,2,0.393575294,2.0044411859621,"Negative Affect in Social Media"
"273","SCREEN Team","negaffect",2,28,"Intuition/Theory",2.5,2,2,1.8,1.8,1.8,1.5,1.5,1.8,1.8,1.8,1.8,0.40227023,2.04872366022662,"Negative Affect in Social Media"
"274","ForeverJung90","negaffect",3,28,"Intuition/Theory",1.5,1.5,1.5,1.5,1.4,1.4,1,1,1.1,1.1,1.1,1.1,0.553924706,2.8210853464505,"Negative Affect in Social Media"
"275","A Woman Scientist","negaffect",4,28,"Data-Driven",1.45,1.35,1.4,1.45,1,1.2,1.1,1.45,1.25,1.45,1.25,1.45,0.557410042,2.83883582807834,"Negative Affect in Social Media"
"276","Duckling Power","negaffect",5,28,"Hybrid",1.1957,1.2797,1.1877,1.43,1.3361,1.1127,1.30558,1.4635,1.1627,1.1651,1.386,1.2933,0.576665466,2.93690185383544,"Negative Affect in Social Media"
"277","CheeseCake","negaffect",6,28,"Intuition/Theory",1.2,1.2,1.2,1.2,1.2,1.3,1.3,1.3,1.3,1.4,1.4,1.3,0.581622132666667,2.96214568128908,"Negative Affect in Social Media"
"278","BlackSwan","negaffect",7,28,"Intuition/Theory",1.5,1.2,0.9,1.2,0.9,1.2,0.9,1.2,0.9,1.2,0.9,1.2,0.726969596166667,3.70238635837417,"Negative Affect in Social Media"
"279","The Forecasting Four","negaffect",8,28,"Intuition/Theory",1.35,1.42,1.15,1.02,1.15,1.03,0.92,0.93,0.86,0.95,1.08,1.02,0.747258039333333,3.80571345156899,"Negative Affect in Social Media"
"280","TeamKL","negaffect",9,28,"Intuition/Theory",1.4,1.3,1.3,1.3,1.2,1.1,1,1,0.8,0.8,0.8,0.8,0.753924706,3.83966614484894,"Negative Affect in Social Media"
"281","Bluebirds","negaffect",10,28,"Data-Driven",1.03244,1.17127,0.945005,1.01603,1.17977,0.942003,1.01671,1.1786,0.94446,1.01434,1.17913,0.94446,0.773573206,3.9397340689356,"Negative Affect in Social Media"
"282","Compassionate Values","negaffect",11,28,"Data-Driven",1.017,1.019,1.021,1.023,1.025,1.027,1.029,1.031,1.033,1.035,1.037,1.039,0.792591372666667,4.03659176587264,"Negative Affect in Social Media"
"283","AbCdEfG","negaffect",12,28,"Data-Driven",0.9471,1.0161,0.9022,1.1364,1.047,0.816,1.0678,1.2088,0.882,0.97,1.1405,0.9941,0.809924706,4.12486876840051,"Negative Affect in Social Media"
"284","WQXZ","negaffect",13,28,"Data-Driven",0.85983,0.975389,1.16971,0.872371,0.985362,1.18584,0.870584,0.985562,1.18048,0.883144,0.99611,1.19661,0.812988596166667,4.14047286686135,"Negative Affect in Social Media"
"285","Heisenburg","negaffect",14,28,"Data-Driven",0.910343300816876,0.969367575794234,1.05153723952226,0.908505414998529,1.08515320483953,1.16836839387254,0.841802820295785,1.03545249924724,1.11992516217695,0.886814507730548,0.954954981608254,1.09486961671592,0.818333479531778,4.16769384468826,"Negative Affect in Social Media"
"286","WeGen","negaffect",15,28,"Intuition/Theory",1,1,1,1,1,1,1,1,1,1,1,1,0.820591372666667,4.17919307764842,"Negative Affect in Social Media"
"287","Team29","negaffect",16,28,"Intuition/Theory",1,1,1,1,1,1,1,1,1,1,1,1,0.820591372666667,4.17919307764842,"Negative Affect in Social Media"
"288","LongerSquigglyLines","negaffect",17,28,"Data-Driven",0.710697,0.80337,0.971229,1.505267,0.811257,0.836564,1.017887,1.390591,0.871955,0.754317,1.1283,1.236912,0.829926096166667,4.22673392822572,"Negative Affect in Social Media"
"289","MLTS","negaffect",18,28,"Data-Driven",0.984829205896979,0.985130776716344,0.98543234753571,0.985733918355076,0.986035489174442,0.986337059993807,0.986638630813173,0.986940201632539,0.987241772451904,0.98754334327127,0.987844914090636,0.988146484910002,0.834103527263176,4.2480091837334,"Negative Affect in Social Media"
"290","StatFore","negaffect",19,28,"Data-Driven",0.981430407323383,0.981656585437172,0.981882763550961,0.98210894166475,0.982335119778539,0.982561297892328,0.982787476006117,0.983013654119906,0.983239832233695,0.983466010347484,0.983692188461273,0.983918366575062,0.837916985717444,4.26743076151844,"Negative Affect in Social Media"
"291","Bordeaux","negaffect",20,28,"Data-Driven",0.973,0.989,0.973,0.989,0.989,0.973,0.989,0.989,0.973,0.973,0.989,0.973,0.839591372666667,4.27595825349627,"Negative Affect in Social Media"
"292","Average Joes","negaffect",21,28,"Data-Driven",0.973223079273663,0.973223079273663,0.973223079273663,0.973223079273663,0.973223079273663,0.973223079273663,0.973223079273663,0.973223079273663,0.973223079273663,0.973223079273663,0.973223079273663,0.973223079273663,0.847368293393004,4.31556536410884,"Negative Affect in Social Media"
"293","BRTWN","negaffect",22,28,"Data-Driven",0.9243366,0.9198901,1.0703853,0.9266996,0.9312765,1.0570666,0.9294482,0.9406549,1.045369,0.9324263,0.9483382,1.0351272,0.848839831,4.32305976386188,"Negative Affect in Social Media"
"294","RTTMT","negaffect",23,28,"Data-Driven",0.97,0.97,0.97,0.97,0.97,0.97,0.97,0.97,0.97,0.97,0.97,0.97,0.850591372666667,4.33198019740819,"Negative Affect in Social Media"
"295","TheMets","negaffect",24,28,"Data-Driven",0.973,0.955,0.973,0.955,0.973,0.955,0.973,0.955,0.973,0.955,0.973,0.955,0.856591372666667,4.36253762136014,"Negative Affect in Social Media"
"296","fearfulastra","negaffect",25,28,"Data-Driven",0.939,1.023,0.931,1.17,1.08,0.856,0.858,0.86,0.862,0.863,0.865,0.867,0.889424706,4.52975463576388,"Negative Affect in Social Media"
"297","Me Myself and I","negaffect",26,28,"Intuition/Theory",1,0.8,0.7,0.7,0.8,0.7,0.9,1,1.1,1.1,1.2,1.1,0.895591372666667,4.56116087704784,"Negative Affect in Social Media"
"298","ms607","negaffect",27,28,"Intuition/Theory",0.77,0.86,0.8,0.91,1.03,0.9,0.96,0.99,0.87,0.96,1.06,0.95,0.898924706,4.57813722368781,"Negative Affect in Social Media"
"299","CantabRoyal","negaffect",28,28,"Intuition/Theory",1,1,0.9,0.9,0.8,0.8,0.7,0.8,0.9,1,1,1,0.920591372666667,4.68848347684764,"Negative Affect in Social Media"
"300","Junesix","polar",1,32,"Data-Driven",82,84,86,85,87,89,89,87,86,85,86,87,2.04166666666667,0.994897959349421,"Political Polarization"
"301","NYHC","polar",2,32,"Intuition/Theory",85,85,86,86,87,87,88,86,85,85,84,84,2.20833333333333,1.07611411929631,"Political Polarization"
"302","Imielin","polar",3,32,"Intuition/Theory",83,84,86,84,83,85,88,82,86,83,84,85,2.375,1.1573302792432,"Political Polarization"
"303","BlackSwan","polar",4,32,"Intuition/Theory",85,83,86,84,86,85,83,82,84,81,84,82,2.54166666666667,1.2385464391901,"Political Polarization"
"304","md2000","polar",5,32,"Intuition/Theory",81,82,83,86,87,88,90,88,84,83,85,86,2.54166666666667,1.2385464391901,"Political Polarization"
"305","Sociology","polar",6,32,"Intuition/Theory",87,87,87,87,86,86,86,85,85,85,85,85,2.625,1.27915451916354,"Political Polarization"
"306","Goldensaber","polar",7,32,"Intuition/Theory",82.5,83,83.35,84,84.5,83.35,83.35,83.35,83.35,83.35,83.35,83.35,2.65,1.29133694315558,"Political Polarization"
"307","polarization-2020CO","polar",8,32,"Intuition/Theory",84,85,86,84,85,83,82,81,83,81,82,82,2.70833333333333,1.31976259913699,"Political Polarization"
"308","Compassionate Values","polar",9,32,"Data-Driven",82.96,83.032,83.104,83.176,83.248,83.32,83.392,83.464,83.536,83.608,83.68,83.752,2.88766666666667,1.40715118723984,"Political Polarization"
"309","fearfulastra","polar",10,32,"Data-Driven",84.028,86.978,85.911,83.894,85.228,85.078,85.353,85.618,85.893,86.168,86.416,86.691,2.90233333333333,1.41429820931517,"Political Polarization"
"310","Heisenburg","polar",11,32,"Data-Driven",80.2417402887526,80.7775301020783,85.0913470296882,83.8233157857225,84.2844359159749,83.5209448248436,82.131652119562,85.3522376075019,80.7036472324367,82.8963995283242,85.848346772508,86.9505550564142,2.99724280346086,1.46054730555328,"Political Polarization"
"311","blue duiker","polar",12,32,"Intuition/Theory",82,85.5,83,87.5,86,93,90.5,90.5,87,85.75,87,84,3.02083333333333,1.47204289903741,"Political Polarization"
"312","MLTS","polar",13,32,"Data-Driven",82.3379532940088,82.410983569402,82.7882389703585,82.6943242251557,83.0261392330403,82.8701693857076,82.5906040423233,83.091133733697,82.5887950385933,82.8428403232151,83.16648925922,82.5949569528081,3.04442800875571,1.4835405126354,"Political Polarization"
"313","BRTWN","polar",14,32,"Data-Driven",82.7994,82.7994,82.7994,82.7994,82.7994,82.7994,82.7994,82.7994,82.7994,82.7994,82.7994,82.7994,3.05863333333333,1.49046272411336,"Political Polarization"
"314","Foxtrot","polar",15,32,"Data-Driven",80,80,80,85,85,90,80,80,80,80,80,80,3.375,1.64462723892455,"Political Polarization"
"315","HSCNAC","polar",16,32,"Intuition/Theory",79.8,83.4,82.2,81.5,81.1,83,88,84.4,82.3,80,81.4,78.6,3.6,1.75426905485286,"Political Polarization"
"316","A Woman Scientist","polar",17,32,"Intuition/Theory",82,84,80,83,80,84,80,84,81,85,81,86,4.04166666666667,1.96949187871212,"Political Polarization"
"317","Team29","polar",18,32,"Intuition/Theory",82,83,84,85,86,87,88,90,90,90,90,90,4.04166666666667,1.96949187871212,"Political Polarization"
"318","LongerSquigglyLines","polar",19,32,"Data-Driven",85.925523,87.004302,88.440023,80.150398,84.22451,86.806114,85.154253,86.924462,89.496445,88.460859,86.570285,88.326855,4.10945658333333,2.00252569900084,"Political Polarization"
"319","Tosbik","polar",20,32,"Intuition/Theory",79,80,82,82,83,84,84,82,80,78,78,77,4.29166666666667,2.09131611863246,"Political Polarization"
"320","Broken Mirror Neurons","polar",21,32,"Intuition/Theory",78,75,78,82,85,83,86,84,86,79,80,77,4.70833333333333,2.29435651849968,"Political Polarization"
"321","Turing Tesla Solutions","polar",22,32,"Data-Driven",85,85,90,90,90,90,90,90,85,80,75,75,4.70833333333333,2.29435651849968,"Political Polarization"
"322","Team IPA","polar",23,32,"Intuition/Theory",81,82,82,83,84,86,86,76,72,74,78,80,4.875,2.37557267844658,"Political Polarization"
"323","ForeverJung90","polar",24,32,"Intuition/Theory",82,89,89,89,89,89,92,92,75,75,77,77,5.45833333333333,2.6598292382607,"Political Polarization"
"324","Average Joes","polar",25,32,"Data-Driven",79.3854700854701,79.3854700854701,79.3854700854701,79.3854700854701,79.3854700854701,79.3854700854701,79.3854700854701,79.3854700854701,79.3854700854701,79.3854700854701,79.3854700854701,79.3854700854701,5.55377492877491,2.70633763754652,"Political Polarization"
"325","ms607","polar",26,32,"Intuition/Theory",75,80,77,79,81,75,82,85,80,77,83,85,5.79166666666667,2.82226155815448,"Political Polarization"
"326","SCREEN Team","polar",27,32,"Intuition/Theory",85,90,85,80,80,75,75,80,80,80,80,80,5.95833333333333,2.90347771810137,"Political Polarization"
"327","IPZ_predi","polar",28,32,"Data-Driven",88.088,79.6479721069336,79.7514572143555,79.8549423217773,79.9584350585938,80.0619201660156,80.165412902832,80.2688980102539,79.1305313110352,79.234016418457,79.3375015258789,79.4409942626953,5.97799322509766,2.91305792358579,"Political Polarization"
"328","TheMets","polar",29,32,"Data-Driven",78.3,78,78.3,78,78.3,78,78.3,78,78.3,78,78.3,78,6.60833333333333,3.22022074189425,"Political Polarization"
"329","Little Bear","polar",30,32,"Intuition/Theory",85,85,78,82,80,90,95,95,95,95,90,85,6.625,3.22834235788894,"Political Polarization"
"330","The Nowcast","polar",31,32,"Data-Driven",80,81,82,84,86,87,84,69,69,69,69,69,7.625,3.71563931757029,"Political Polarization"
"331","Old Chickens","polar",32,32,"Hybrid",90.6924913097722,91.5155729821427,92.2724732016051,93.1505376774878,93.5395659495791,94.0310886782013,94.4200222098361,94.7043133627266,94.8851701889683,94.9669994070923,94.9571795455699,94.865686090642,8.95842505030195,4.36541329054538,"Political Polarization"
"332","Imielin","posaffect",1,28,"Intuition/Theory",-1.35,-1.25,-1.15,-1.15,-1.28,-1.28,-1.28,-1,-1.1,-1.2,-1,-0.9,0.22462137175,0.75994300445531,"Positive Affect in Social Media"
"333","CantabRoyal","posaffect",2,28,"Intuition/Theory",-1,-1.1,-1.2,-1.1,-1.1,-1.4,-1.4,-1.3,-1.2,-1,-1,-1,0.23297461075,0.788203830631986,"Positive Affect in Social Media"
"334","TeamKL","posaffect",3,28,"Intuition/Theory",-1.2,-1.2,-1.2,-1.2,-1.1,-1.1,-1.1,-1.1,-1.05,-1.05,-1.1,-1.1,0.25797461075,0.872784273549625,"Positive Affect in Social Media"
"335","Compassionate Values","posaffect",4,28,"Data-Driven",-1.058,-1.062,-1.066,-1.07,-1.074,-1.078,-1.082,-1.086,-1.09,-1.094,-1.098,-1.102,0.30297461075,1.02502907080138,"Positive Affect in Social Media"
"336","BlackSwan","posaffect",5,28,"Intuition/Theory",-1.5,-1.2,-0.9,-1.2,-0.9,-1.2,-0.9,-1.2,-0.9,-1.2,-0.9,-1.2,0.311928687916667,1.05532266330839,"Positive Affect in Social Media"
"337","The Forecasting Four","posaffect",6,28,"Intuition/Theory",-1.23,-1.3,-1.17,-1.03,-1.06,-1.13,-0.85,-0.93,-0.99,-0.96,-1.05,-1.05,0.32047461075,1.08423538084372,"Positive Affect in Social Media"
"338","ms607","posaffect",7,28,"Intuition/Theory",-1.2,-1.1,-1.3,-0.97,-0.95,-1.1,-0.95,-1.2,-0.9,-1.1,-0.8,-1.2,0.329030296916667,1.11318112986136,"Positive Affect in Social Media"
"339","AbCdEfG","posaffect",8,28,"Data-Driven",-0.9333,-1.1826,-0.983,-1.1532,-1.0396,-0.8595,-1.137,-1.3994,-0.9259,-0.9302,-1.2639,-1.0749,0.329085417416667,1.11336761451352,"Positive Affect in Social Media"
"340","ForeverJung90","posaffect",9,28,"Intuition/Theory",-1.1,-0.9,-0.9,-0.9,-0.9,-0.9,-1.1,-1.1,-1.2,-1.2,-1.2,-1.2,0.35021118675,1.18484069160109,"Positive Affect in Social Media"
"341","Bluebirds","posaffect",10,28,"Data-Driven",-0.999343,-1.30966,-0.842154,-1.00445,-1.30409,-0.848849,-1.00542,-1.29728,-0.854875,-1.00622,-1.29061,-0.855234,0.35026165625,1.18501144090764,"Positive Affect in Social Media"
"342","WQXZ","posaffect",11,28,"Data-Driven",-0.97658,-1.2778,-0.81689,-0.99204,-1.3028,-0.81412,-0.99235,-1.2945,-0.83359,-1.0087,-1.3195,-0.83082,0.368284572916667,1.24598689188101,"Positive Affect in Social Media"
"343","WeGen","posaffect",12,28,"Intuition/Theory",-1,-1,-1,-1,-1,-1,-1,-1,-1,-1,-1,-1,0.38297461075,1.29568648813782,"Positive Affect in Social Media"
"344","CheeseCake","posaffect",13,28,"Intuition/Theory",-1,-1,-1,-1,-1,-1,-1,-1,-1,-1,-1,-1,0.38297461075,1.29568648813782,"Positive Affect in Social Media"
"345","Team29","posaffect",14,28,"Intuition/Theory",-1,-1,-1,-1,-1,-1,-1,-1,-1,-1,-1,-1,0.38297461075,1.29568648813782,"Positive Affect in Social Media"
"346","MLTS","posaffect",15,28,"Data-Driven",-0.963901588481353,-0.946688752991031,-1.03674697751251,-1.01896928185072,-0.970778336255486,-0.9987213727757,-1.02033384502848,-0.997319497823987,-0.992835441656659,-1.00964604627502,-1.00810016841258,-0.999515745831337,0.386011522842095,1.30596102293187,"Positive Affect in Social Media"
"347","StatFore","posaffect",16,28,"Data-Driven",-0.954934239256318,-0.923653308861034,-1.0552193335553,-1.03098416074983,-0.956994165296666,-0.998585077354194,-1.03209673578092,-0.995199317695993,-0.987572771123509,-1.01450759032569,-1.0110079235369,-0.996064777899056,0.386572993963716,1.30786060197796,"Positive Affect in Social Media"
"348","Bordeaux","posaffect",17,28,"Data-Driven",-0.998,-1.055,-0.998,-0.929,-0.998,-0.998,-0.966,-0.998,-0.996,-1.004,-0.998,-0.972,0.39047461075,1.32106062101311,"Positive Affect in Social Media"
"349","Heisenburg","posaffect",18,28,"Data-Driven",-0.873173681978742,-0.910349382405022,-1.21784366871014,-0.819901905278789,-0.997394540625973,-1.2392153771919,-0.775403768242589,-0.97720210104744,-1.24243841948512,-0.801102633439778,-0.970460188068903,-1.22845469299728,0.393527715793574,1.3313899400875,"Positive Affect in Social Media"
"350","Average Joes","posaffect",19,28,"Data-Driven",-0.973223079273665,-0.973223079273665,-0.973223079273665,-0.973223079273665,-0.973223079273665,-0.973223079273665,-0.973223079273665,-0.973223079273665,-0.973223079273665,-0.973223079273665,-0.973223079273665,-0.973223079273665,0.409751531476335,1.38627864073798,"Positive Affect in Social Media"
"351","Duckling Power","posaffect",20,28,"Hybrid",-0.776,-1.0627,-0.8861633,-1.076909,-1,-0.7907,-1.044,-1.29,-0.786,-0.847,-1.193,-0.948,0.41046938125,1.38870728281018,"Positive Affect in Social Media"
"352","TheMets","posaffect",21,28,"Data-Driven",-0.973,-0.972,-0.973,-0.972,-0.973,-0.972,-0.973,-0.972,-0.973,-0.972,-0.973,-0.972,0.41047461075,1.38872497534723,"Positive Affect in Social Media"
"353","RTTMT","posaffect",22,28,"Data-Driven",-0.97,-0.97,-0.97,-0.97,-0.97,-0.97,-0.97,-0.97,-0.97,-0.97,-0.97,-0.97,0.41297461075,1.39718301963899,"Positive Affect in Social Media"
"354","BRTWN","posaffect",23,28,"Data-Driven",-0.8718201,-0.8182955,-1.0865841,-1.0313649,-0.884906,-0.966849,-1.0298003,-0.9588712,-0.9435329,-0.9920787,-0.9855549,-0.9579156,0.42234351075,1.42888004810503,"Positive Affect in Social Media"
"355","fearfulastra","posaffect",24,28,"Data-Driven",-0.867,-1.153,-0.977,-1.167,-1.091,-0.881,-0.885,-0.889,-0.893,-0.896,-0.9,-0.904,0.424391277416667,1.43580808857138,"Positive Affect in Social Media"
"356","A Woman Scientist","posaffect",25,28,"Data-Driven",-0.8,-0.95,-0.9,-0.8,-1.4,-1.2,-1.3,-0.8,-1,-0.4,-1.15,-0.8,0.424641277416667,1.43665389300055,"Positive Affect in Social Media"
"357","LongerSquigglyLines","posaffect",26,28,"Data-Driven",-0.493233,-0.79957,-1.291247,-1.506659,-0.435867,-0.849806,-1.264781,-1.458446,-0.7979,-0.760297,-1.243443,-1.228803,0.42687453175,1.444209478627,"Positive Affect in Social Media"
"358","Me Myself and I","posaffect",27,28,"Intuition/Theory",-1,-0.8,-0.8,-0.8,-0.9,-0.9,-1,-1.1,-1.1,-1,-1,-1,0.43297461075,1.4648473739731,"Positive Affect in Social Media"
"359","SCREEN Team","posaffect",28,28,"Intuition/Theory",-2.5,-2,-2,-2,-2,-2,-1.5,-1.5,-2,-2,-2,-2,0.575358722583333,1.94656382370502,"Positive Affect in Social Media"
"360","median non-academic","eafric",NA,NA,NA,-0.06,-0.0595762,-0.05331698,-0.0515762,-0.05,-0.05,-0.05,-0.05183628,-0.05,-0.05,-0.05,-0.04,0.163554,5.450083,NA
"361","median non-academic","easian",NA,NA,NA,0.122,0.12216,0.13,0.125,0.115,0.11,0.11,0.105,0.1,0.1,0.1,0.0941064,0.29625895,4.9240925,NA
"362","median non-academic","egend",NA,NA,NA,0.8,0.8,0.8,0.79,0.7956,0.79,0.78,0.7740652,0.78,0.77,0.77,0.77,0.06088367,1.449031,NA
"363","median non-academic","iafric",NA,NA,NA,0.32,0.32,0.3186588,0.3198754,0.32,0.32,0.319,0.3198751,0.3148044,0.312,0.315,0.31656,0.04627609,6.208239,NA
"364","median non-academic","iasian",NA,NA,NA,0.411247,0.41,0.41,0.41,0.4,0.4,0.4033227,0.41,0.4,0.4,0.39211,0.39,0.06183537,2.389677,NA
"365","median non-academic","ideoldem",NA,NA,NA,44,45,45,45,45.6,46.050285,47,46,46,45.2,45,45,3.5502865,3.3420815,NA
"366","median non-academic","ideolrep",NA,NA,NA,35.2,35,35,35.5,36,37,38,37,37,37,36,36.41044,7.057997,7.246918,NA
"367","median non-academic","igend",NA,NA,NA,0.37,0.37,0.37,0.36,0.365,0.3618384,0.36,0.36,0.36,0.37,0.36,0.36,0.01948602,1.750007,NA
"368","median non-academic","lifesat",NA,NA,NA,6.3,6.25,6.3,6.3397469463108,6.347665,6.36748783514981,6.3,6.365,6.345,6.4,6.4,6.4,0.18398286475,5.78717840581765,NA
"369","median non-academic","negaffect",NA,NA,NA,1.2,1.23,1.2,1.13,1.2,1.1,1.2,1.1,1,1,1,1,0.713636262833333,3.63448097181427,NA
"370","median non-academic","polar",NA,NA,NA,80,81.5,82,82.37,83,83,83.57,83,82,81,80,80,4.875,2.375573,NA
"371","median non-academic","posaffect",NA,NA,NA,-1,-1,-1,-1,-1,-0.97,-1,-1.1,-0.89,-0.95,-1,-0.9,0.43297461075,1.4648473739731,NA
